id,text,label,review_text,is_ai,date
1,AI-generated content sample 1: This is an example of text generated by 1 in response to the prompt 'Explain the benefits of deep learning.'.,AI-generated,Explain the benefits of deep learning.,1,11/25/2023
2,AI-generated content sample 2: This is an example of text generated by Bard in response to the prompt 'Write an article on the future of AI.'.,AI-generated,Write an article on the future of AI.,1,11/15/2024
3,Human-written text sample 3: This is an example of a text written by a human in response to the prompt 'Editorial on the impact of technology in society.'.,Human-written,Editorial on the impact of technology in society.,0,8/11/2024
4,AI-generated content sample 4: This is an example of text generated by Claude in response to the prompt 'Describe how neural networks work.'.,AI-generated,Describe how neural networks work.,1,4/27/2024
5,Human-written text sample 5: This is an example of a text written by a human in response to the prompt 'Personal essay on learning programming.'.,Human-written,Personal essay on learning programming.,0,8/15/2024
6,Human-written text sample 6: This is an example of a text written by a human in response to the prompt 'Report from an industry conference.'.,Human-written,Report from an industry conference.,0,1/6/2024
8,Human-written text sample 8: This is an example of a text written by a human in response to the prompt 'Interview with an AI researcher.'.,Human-written,Interview with an AI researcher.,0,11/1/2023
35,AI-generated content sample 35: This is an example of text generated by GPT-4 in response to the prompt 'Generate a creative story about machine learning.'.,AI-generated,Generate a creative story about machine learning.,1,9/12/2023
9,AI sample 1,AI-generated,Summarize how neural networks are trained.,1,10/20/2024
10,AI sample 2,AI-generated,Write a blog post about the role of data in machine learning.,1,05/27/2025
11,AI sample 3,AI-generated,Summarize how neural networks are trained.,1,05/24/2025
12,AI sample 4,AI-generated,Generate a paragraph on the importance of ethical AI.,1,07/06/2025
13,AI sample 5,AI-generated,Create an overview of generative AI tools used today.,1,10/04/2025
14,AI sample 6,AI-generated,Generate a paragraph on the importance of ethical AI.,1,08/19/2025
15,AI sample 7,AI-generated,Describe how natural language processing enhances chatbots.,1,01/09/2025
16,AI sample 8,AI-generated,Describe how natural language processing enhances chatbots.,1,05/20/2025
17,AI sample 9,AI-generated,Explain the concept of reinforcement learning with an example.,1,04/26/2025
18,AI sample 10,AI-generated,Create an overview of generative AI tools used today.,1,04/30/2025
19,AI sample 11,AI-generated,Discuss the future of AI in healthcare and medicine.,1,04/21/2025
20,AI sample 12,AI-generated,Describe the process of computer vision in self-driving cars.,1,04/21/2025
21,AI sample 13,AI-generated,Describe the process of computer vision in self-driving cars.,1,01/03/2025
22,AI sample 14,AI-generated,Discuss the future of AI in healthcare and medicine.,1,01/16/2025
23,AI sample 15,AI-generated,Explain the concept of reinforcement learning with an example.,1,10/04/2025
24,AI sample 16,AI-generated,Generate a paragraph on the importance of ethical AI.,1,11/08/2024
25,AI sample 17,AI-generated,Summarize how neural networks are trained.,1,01/21/2025
26,AI sample 18,AI-generated,Create an overview of generative AI tools used today.,1,04/14/2025
27,AI sample 19,AI-generated,Generate a paragraph on the importance of ethical AI.,1,08/27/2025
28,AI sample 20,AI-generated,Describe the process of computer vision in self-driving cars.,1,10/14/2025
29,AI sample 21,AI-generated,Describe the process of computer vision in self-driving cars.,1,04/24/2025
30,AI sample 22,AI-generated,Write a blog post about the role of data in machine learning.,1,07/30/2025
31,AI sample 23,AI-generated,Generate a paragraph on the importance of ethical AI.,1,08/19/2025
32,AI sample 24,AI-generated,Write an article about the impact of artificial intelligence on jobs.,1,11/09/2024
33,AI sample 25,AI-generated,Describe the process of computer vision in self-driving cars.,1,12/07/2024
34,AI sample 26,AI-generated,Explain the concept of reinforcement learning with an example.,1,08/05/2025
35,AI sample 27,AI-generated,Create an overview of generative AI tools used today.,1,09/14/2025
36,AI sample 28,AI-generated,Discuss the future of AI in healthcare and medicine.,1,01/30/2025
37,AI sample 29,AI-generated,Explain the concept of reinforcement learning with an example.,1,03/11/2025
38,AI sample 30,AI-generated,Create an overview of generative AI tools used today.,1,12/19/2024
39,AI sample 31,AI-generated,Summarize how neural networks are trained.,1,03/13/2025
40,AI sample 32,AI-generated,Describe how natural language processing enhances chatbots.,1,05/01/2025
41,AI sample 33,AI-generated,Explain the concept of reinforcement learning with an example.,1,12/22/2024
42,AI sample 34,AI-generated,Generate a paragraph on the importance of ethical AI.,1,12/19/2024
43,AI sample 35,AI-generated,Write a blog post about the role of data in machine learning.,1,04/25/2025
44,AI sample 36,AI-generated,Explain the significance of large language models.,1,01/27/2025
45,AI sample 37,AI-generated,Describe how natural language processing enhances chatbots.,1,07/20/2025
46,AI sample 38,AI-generated,Create an overview of generative AI tools used today.,1,10/11/2025
47,AI sample 39,AI-generated,Summarize how neural networks are trained.,1,05/11/2025
48,AI sample 40,AI-generated,Explain the concept of reinforcement learning with an example.,1,04/08/2025
49,AI sample 41,AI-generated,Explain the concept of reinforcement learning with an example.,1,08/12/2025
50,AI sample 42,AI-generated,Discuss the future of AI in healthcare and medicine.,1,03/27/2025
51,AI sample 43,AI-generated,Write an article about the impact of artificial intelligence on jobs.,1,05/26/2025
52,AI sample 44,AI-generated,Discuss the future of AI in healthcare and medicine.,1,01/03/2025
53,AI sample 45,AI-generated,Discuss the future of AI in healthcare and medicine.,1,12/14/2024
54,AI sample 46,AI-generated,Write a blog post about the role of data in machine learning.,1,11/11/2024
55,AI sample 47,AI-generated,Explain the concept of reinforcement learning with an example.,1,07/17/2025
56,AI sample 48,AI-generated,Create an overview of generative AI tools used today.,1,09/07/2025
57,AI sample 49,AI-generated,Create an overview of generative AI tools used today.,1,01/16/2025
58,AI sample 50,AI-generated,Explain the concept of reinforcement learning with an example.,1,01/15/2025
59,AI sample 51,AI-generated,Describe how natural language processing enhances chatbots.,1,10/02/2025
60,AI sample 52,AI-generated,Write a blog post about the role of data in machine learning.,1,04/21/2025
61,AI sample 53,AI-generated,Create an overview of generative AI tools used today.,1,04/30/2025
62,AI sample 54,AI-generated,Write a blog post about the role of data in machine learning.,1,12/21/2024
63,AI sample 55,AI-generated,Describe the process of computer vision in self-driving cars.,1,12/12/2024
64,AI sample 56,AI-generated,Explain the concept of reinforcement learning with an example.,1,05/06/2025
65,AI sample 57,AI-generated,Describe the process of computer vision in self-driving cars.,1,12/02/2024
66,AI sample 58,AI-generated,Explain the significance of large language models.,1,01/01/2025
67,AI sample 59,AI-generated,Write a blog post about the role of data in machine learning.,1,03/11/2025
68,AI sample 60,AI-generated,Write an article about the impact of artificial intelligence on jobs.,1,10/18/2025
69,AI sample 61,AI-generated,Discuss the future of AI in healthcare and medicine.,1,10/28/2024
70,AI sample 62,AI-generated,Explain the significance of large language models.,1,08/20/2025
71,AI sample 63,AI-generated,Describe how natural language processing enhances chatbots.,1,02/13/2025
72,AI sample 64,AI-generated,Discuss the future of AI in healthcare and medicine.,1,08/16/2025
73,AI sample 65,AI-generated,Summarize how neural networks are trained.,1,06/07/2025
74,AI sample 66,AI-generated,Write a blog post about the role of data in machine learning.,1,06/01/2025
75,AI sample 67,AI-generated,Describe the process of computer vision in self-driving cars.,1,09/28/2025
76,AI sample 68,AI-generated,Write a blog post about the role of data in machine learning.,1,11/02/2024
77,AI sample 69,AI-generated,Describe the process of computer vision in self-driving cars.,1,08/19/2025
78,AI sample 70,AI-generated,Write an article about the impact of artificial intelligence on jobs.,1,02/07/2025
79,AI sample 71,AI-generated,Create an overview of generative AI tools used today.,1,07/13/2025
80,AI sample 72,AI-generated,Explain the concept of reinforcement learning with an example.,1,03/18/2025
81,AI sample 73,AI-generated,Create an overview of generative AI tools used today.,1,09/12/2025
82,AI sample 74,AI-generated,Describe how natural language processing enhances chatbots.,1,10/26/2024
83,AI sample 75,AI-generated,Summarize how neural networks are trained.,1,11/20/2024
84,AI sample 76,AI-generated,Explain the significance of large language models.,1,03/05/2025
85,AI sample 77,AI-generated,Describe how natural language processing enhances chatbots.,1,10/19/2025
86,AI sample 78,AI-generated,Write an article about the impact of artificial intelligence on jobs.,1,06/26/2025
87,AI sample 79,AI-generated,Summarize how neural networks are trained.,1,06/08/2025
88,AI sample 80,AI-generated,Write an article about the impact of artificial intelligence on jobs.,1,12/23/2024
89,AI sample 81,AI-generated,Summarize how neural networks are trained.,1,02/05/2025
90,AI sample 82,AI-generated,Summarize how neural networks are trained.,1,10/01/2025
91,AI sample 83,AI-generated,Discuss the future of AI in healthcare and medicine.,1,09/01/2025
92,AI sample 84,AI-generated,Describe how natural language processing enhances chatbots.,1,01/08/2025
93,AI sample 85,AI-generated,Write a blog post about the role of data in machine learning.,1,03/06/2025
94,AI sample 86,AI-generated,Discuss the future of AI in healthcare and medicine.,1,07/18/2025
95,AI sample 87,AI-generated,Summarize how neural networks are trained.,1,08/26/2025
96,AI sample 88,AI-generated,Explain the significance of large language models.,1,03/19/2025
97,AI sample 89,AI-generated,Discuss the future of AI in healthcare and medicine.,1,07/23/2025
98,AI sample 90,AI-generated,Discuss the future of AI in healthcare and medicine.,1,08/11/2025
99,AI sample 91,AI-generated,Write a blog post about the role of data in machine learning.,1,10/17/2025
100,AI sample 92,AI-generated,Explain the significance of large language models.,1,01/26/2025
101,AI sample 93,AI-generated,Explain the significance of large language models.,1,06/03/2025
102,AI sample 94,AI-generated,Describe how natural language processing enhances chatbots.,1,08/07/2025
103,AI sample 95,AI-generated,Summarize how neural networks are trained.,1,11/22/2024
104,AI sample 96,AI-generated,Write an article about the impact of artificial intelligence on jobs.,1,04/12/2025
105,AI sample 97,AI-generated,Write a blog post about the role of data in machine learning.,1,12/29/2024
106,AI sample 98,AI-generated,Generate a paragraph on the importance of ethical AI.,1,01/03/2025
107,AI sample 99,AI-generated,Explain the concept of reinforcement learning with an example.,1,11/17/2024
108,AI sample 100,AI-generated,Describe how natural language processing enhances chatbots.,1,12/11/2024
109,AI sample 101,AI-generated,Write a blog post about the role of data in machine learning.,1,12/20/2024
110,AI sample 102,AI-generated,Summarize how neural networks are trained.,1,04/08/2025
111,AI sample 103,AI-generated,Write a blog post about the role of data in machine learning.,1,10/24/2024
112,AI sample 104,AI-generated,Explain the concept of reinforcement learning with an example.,1,04/17/2025
113,AI sample 105,AI-generated,Summarize how neural networks are trained.,1,01/15/2025
114,AI sample 106,AI-generated,Describe how natural language processing enhances chatbots.,1,01/15/2025
115,AI sample 107,AI-generated,Summarize how neural networks are trained.,1,02/11/2025
116,AI sample 108,AI-generated,Generate a paragraph on the importance of ethical AI.,1,02/20/2025
117,AI sample 109,AI-generated,Write a blog post about the role of data in machine learning.,1,07/05/2025
118,AI sample 110,AI-generated,Explain the significance of large language models.,1,09/07/2025
119,AI sample 111,AI-generated,Describe how natural language processing enhances chatbots.,1,07/30/2025
120,AI sample 112,AI-generated,Describe how natural language processing enhances chatbots.,1,07/05/2025
121,AI sample 113,AI-generated,Write an article about the impact of artificial intelligence on jobs.,1,07/22/2025
122,AI sample 114,AI-generated,Write a blog post about the role of data in machine learning.,1,02/19/2025
123,AI sample 115,AI-generated,Create an overview of generative AI tools used today.,1,01/09/2025
124,AI sample 116,AI-generated,Discuss the future of AI in healthcare and medicine.,1,04/03/2025
125,AI sample 117,AI-generated,Discuss the future of AI in healthcare and medicine.,1,06/05/2025
126,AI sample 118,AI-generated,Describe how natural language processing enhances chatbots.,1,12/20/2024
127,AI sample 119,AI-generated,Create an overview of generative AI tools used today.,1,07/03/2025
128,AI sample 120,AI-generated,Generate a paragraph on the importance of ethical AI.,1,02/04/2025
129,AI sample 121,AI-generated,Create an overview of generative AI tools used today.,1,12/08/2024
130,AI sample 122,AI-generated,Create an overview of generative AI tools used today.,1,12/02/2024
131,AI sample 123,AI-generated,Write an article about the impact of artificial intelligence on jobs.,1,02/07/2025
132,AI sample 124,AI-generated,Explain the concept of reinforcement learning with an example.,1,09/18/2025
133,AI sample 125,AI-generated,Describe how natural language processing enhances chatbots.,1,07/20/2025
134,AI sample 126,AI-generated,Summarize how neural networks are trained.,1,06/20/2025
135,AI sample 127,AI-generated,Discuss the future of AI in healthcare and medicine.,1,01/18/2025
136,AI sample 128,AI-generated,Describe how natural language processing enhances chatbots.,1,12/19/2024
137,AI sample 129,AI-generated,Explain the concept of reinforcement learning with an example.,1,04/07/2025
138,AI sample 130,AI-generated,Describe the process of computer vision in self-driving cars.,1,10/29/2024
139,AI sample 131,AI-generated,Discuss the future of AI in healthcare and medicine.,1,10/22/2024
140,AI sample 132,AI-generated,Create an overview of generative AI tools used today.,1,12/23/2024
141,AI sample 133,AI-generated,Explain the concept of reinforcement learning with an example.,1,01/21/2025
142,AI sample 134,AI-generated,Summarize how neural networks are trained.,1,04/03/2025
143,AI sample 135,AI-generated,Write a blog post about the role of data in machine learning.,1,03/14/2025
144,AI sample 136,AI-generated,Explain the concept of reinforcement learning with an example.,1,01/09/2025
145,AI sample 137,AI-generated,Create an overview of generative AI tools used today.,1,02/19/2025
146,AI sample 138,AI-generated,Write a blog post about the role of data in machine learning.,1,02/03/2025
147,AI sample 139,AI-generated,Explain the concept of reinforcement learning with an example.,1,05/11/2025
148,AI sample 140,AI-generated,Explain the concept of reinforcement learning with an example.,1,05/30/2025
149,AI sample 141,AI-generated,Write an article about the impact of artificial intelligence on jobs.,1,01/14/2025
150,AI sample 142,AI-generated,Write a blog post about the role of data in machine learning.,1,04/24/2025
151,AI sample 143,AI-generated,Generate a paragraph on the importance of ethical AI.,1,10/09/2025
152,AI sample 144,AI-generated,Explain the concept of reinforcement learning with an example.,1,05/05/2025
153,AI sample 145,AI-generated,Explain the significance of large language models.,1,02/20/2025
154,AI sample 146,AI-generated,Create an overview of generative AI tools used today.,1,06/26/2025
155,AI sample 147,AI-generated,Create an overview of generative AI tools used today.,1,07/07/2025
156,AI sample 148,AI-generated,Write an article about the impact of artificial intelligence on jobs.,1,07/24/2025
157,AI sample 149,AI-generated,Write an article about the impact of artificial intelligence on jobs.,1,10/19/2025
158,AI sample 150,AI-generated,Discuss the future of AI in healthcare and medicine.,1,09/01/2025
159,AI sample 151,AI-generated,Describe the process of computer vision in self-driving cars.,1,10/09/2025
160,AI sample 152,AI-generated,Describe how natural language processing enhances chatbots.,1,12/21/2024
161,AI sample 153,AI-generated,Write a blog post about the role of data in machine learning.,1,07/11/2025
162,AI sample 154,AI-generated,Explain the concept of reinforcement learning with an example.,1,06/30/2025
163,AI sample 155,AI-generated,Generate a paragraph on the importance of ethical AI.,1,10/14/2025
164,AI sample 156,AI-generated,Summarize how neural networks are trained.,1,06/08/2025
165,AI sample 157,AI-generated,Describe the process of computer vision in self-driving cars.,1,08/27/2025
166,AI sample 158,AI-generated,Describe how natural language processing enhances chatbots.,1,08/08/2025
167,AI sample 159,AI-generated,Describe how natural language processing enhances chatbots.,1,05/05/2025
168,AI sample 160,AI-generated,Create an overview of generative AI tools used today.,1,03/11/2025
169,AI sample 161,AI-generated,Discuss the future of AI in healthcare and medicine.,1,07/21/2025
170,AI sample 162,AI-generated,Write an article about the impact of artificial intelligence on jobs.,1,05/03/2025
171,AI sample 163,AI-generated,Discuss the future of AI in healthcare and medicine.,1,06/09/2025
172,AI sample 164,AI-generated,Write a blog post about the role of data in machine learning.,1,04/16/2025
173,AI sample 165,AI-generated,Describe how natural language processing enhances chatbots.,1,06/16/2025
174,AI sample 166,AI-generated,Describe the process of computer vision in self-driving cars.,1,04/05/2025
175,AI sample 167,AI-generated,Discuss the future of AI in healthcare and medicine.,1,04/30/2025
176,AI sample 168,AI-generated,Explain the significance of large language models.,1,05/27/2025
177,AI sample 169,AI-generated,Explain the concept of reinforcement learning with an example.,1,07/24/2025
178,AI sample 170,AI-generated,Write an article about the impact of artificial intelligence on jobs.,1,05/10/2025
179,AI sample 171,AI-generated,Create an overview of generative AI tools used today.,1,09/13/2025
180,AI sample 172,AI-generated,Write a blog post about the role of data in machine learning.,1,08/15/2025
181,AI sample 173,AI-generated,Explain the significance of large language models.,1,10/21/2024
182,AI sample 174,AI-generated,Describe how natural language processing enhances chatbots.,1,11/09/2024
183,AI sample 175,AI-generated,Write a blog post about the role of data in machine learning.,1,01/04/2025
184,AI sample 176,AI-generated,Write a blog post about the role of data in machine learning.,1,10/03/2025
185,AI sample 177,AI-generated,Explain the concept of reinforcement learning with an example.,1,09/23/2025
186,AI sample 178,AI-generated,Describe how natural language processing enhances chatbots.,1,09/07/2025
187,AI sample 179,AI-generated,Write an article about the impact of artificial intelligence on jobs.,1,11/06/2024
188,AI sample 180,AI-generated,Write an article about the impact of artificial intelligence on jobs.,1,06/18/2025
189,AI sample 181,AI-generated,Create an overview of generative AI tools used today.,1,07/21/2025
190,AI sample 182,AI-generated,Summarize how neural networks are trained.,1,09/20/2025
191,AI sample 183,AI-generated,Explain the significance of large language models.,1,03/19/2025
192,AI sample 184,AI-generated,Generate a paragraph on the importance of ethical AI.,1,05/07/2025
193,AI sample 185,AI-generated,Create an overview of generative AI tools used today.,1,06/08/2025
194,AI sample 186,AI-generated,Explain the concept of reinforcement learning with an example.,1,07/01/2025
195,AI sample 187,AI-generated,Describe how natural language processing enhances chatbots.,1,01/05/2025
196,AI sample 188,AI-generated,Write a blog post about the role of data in machine learning.,1,12/16/2024
197,AI sample 189,AI-generated,Create an overview of generative AI tools used today.,1,07/25/2025
198,AI sample 190,AI-generated,Discuss the future of AI in healthcare and medicine.,1,03/27/2025
199,AI sample 191,AI-generated,Explain the significance of large language models.,1,07/10/2025
200,AI sample 192,AI-generated,Explain the significance of large language models.,1,05/15/2025
201,AI sample 193,AI-generated,Write a blog post about the role of data in machine learning.,1,01/28/2025
202,AI sample 194,AI-generated,Write a blog post about the role of data in machine learning.,1,07/06/2025
203,AI sample 195,AI-generated,Write a blog post about the role of data in machine learning.,1,01/07/2025
204,AI sample 196,AI-generated,Describe how natural language processing enhances chatbots.,1,01/31/2025
205,AI sample 197,AI-generated,Write an article about the impact of artificial intelligence on jobs.,1,05/21/2025
206,AI sample 198,AI-generated,Explain the concept of reinforcement learning with an example.,1,10/07/2025
207,AI sample 199,AI-generated,Explain the concept of reinforcement learning with an example.,1,11/23/2024
208,AI sample 200,AI-generated,Create an overview of generative AI tools used today.,1,01/23/2025
209,AI sample 201,AI-generated,Write an article about the impact of artificial intelligence on jobs.,1,10/18/2025
210,AI sample 202,AI-generated,Explain the concept of reinforcement learning with an example.,1,12/08/2024
211,AI sample 203,AI-generated,Summarize how neural networks are trained.,1,10/12/2025
212,AI sample 204,AI-generated,Describe the process of computer vision in self-driving cars.,1,12/28/2024
213,AI sample 205,AI-generated,Describe how natural language processing enhances chatbots.,1,12/08/2024
214,AI sample 206,AI-generated,Describe the process of computer vision in self-driving cars.,1,06/28/2025
215,AI sample 207,AI-generated,Create an overview of generative AI tools used today.,1,09/04/2025
216,AI sample 208,AI-generated,Discuss the future of AI in healthcare and medicine.,1,02/04/2025
217,AI sample 209,AI-generated,Create an overview of generative AI tools used today.,1,10/06/2025
218,AI sample 210,AI-generated,Discuss the future of AI in healthcare and medicine.,1,11/26/2024
219,AI sample 211,AI-generated,Summarize how neural networks are trained.,1,05/26/2025
220,AI sample 212,AI-generated,Describe the process of computer vision in self-driving cars.,1,11/07/2024
221,AI sample 213,AI-generated,Create an overview of generative AI tools used today.,1,02/03/2025
222,AI sample 214,AI-generated,Describe how natural language processing enhances chatbots.,1,05/13/2025
223,AI sample 215,AI-generated,Generate a paragraph on the importance of ethical AI.,1,08/15/2025
224,AI sample 216,AI-generated,Describe the process of computer vision in self-driving cars.,1,10/15/2025
225,AI sample 217,AI-generated,Generate a paragraph on the importance of ethical AI.,1,11/09/2024
226,AI sample 218,AI-generated,Create an overview of generative AI tools used today.,1,03/14/2025
227,AI sample 219,AI-generated,Summarize how neural networks are trained.,1,09/05/2025
228,AI sample 220,AI-generated,Explain the significance of large language models.,1,06/27/2025
229,AI sample 221,AI-generated,Write an article about the impact of artificial intelligence on jobs.,1,01/24/2025
230,AI sample 222,AI-generated,Explain the concept of reinforcement learning with an example.,1,04/14/2025
231,AI sample 223,AI-generated,Describe the process of computer vision in self-driving cars.,1,10/31/2024
232,AI sample 224,AI-generated,Describe the process of computer vision in self-driving cars.,1,09/04/2025
233,AI sample 225,AI-generated,Create an overview of generative AI tools used today.,1,03/05/2025
234,AI sample 226,AI-generated,Write a blog post about the role of data in machine learning.,1,03/18/2025
235,AI sample 227,AI-generated,Describe how natural language processing enhances chatbots.,1,05/06/2025
236,AI sample 228,AI-generated,Write an article about the impact of artificial intelligence on jobs.,1,04/28/2025
237,AI sample 229,AI-generated,Write a blog post about the role of data in machine learning.,1,09/20/2025
238,AI sample 230,AI-generated,Explain the concept of reinforcement learning with an example.,1,11/26/2024
239,AI sample 231,AI-generated,Discuss the future of AI in healthcare and medicine.,1,06/25/2025
240,AI sample 232,AI-generated,Explain the significance of large language models.,1,06/20/2025
241,AI sample 233,AI-generated,Create an overview of generative AI tools used today.,1,04/19/2025
242,AI sample 234,AI-generated,Discuss the future of AI in healthcare and medicine.,1,09/28/2025
243,AI sample 235,AI-generated,Explain the concept of reinforcement learning with an example.,1,06/20/2025
244,AI sample 236,AI-generated,Write a blog post about the role of data in machine learning.,1,02/22/2025
245,AI sample 237,AI-generated,Explain the significance of large language models.,1,02/23/2025
246,AI sample 238,AI-generated,Write a blog post about the role of data in machine learning.,1,10/05/2025
247,AI sample 239,AI-generated,Write a blog post about the role of data in machine learning.,1,12/09/2024
248,AI sample 240,AI-generated,Discuss the future of AI in healthcare and medicine.,1,08/04/2025
249,AI sample 241,AI-generated,Describe the process of computer vision in self-driving cars.,1,12/24/2024
250,AI sample 242,AI-generated,Write an article about the impact of artificial intelligence on jobs.,1,07/07/2025
251,AI sample 243,AI-generated,Discuss the future of AI in healthcare and medicine.,1,11/02/2024
252,AI sample 244,AI-generated,Generate a paragraph on the importance of ethical AI.,1,08/04/2025
253,AI sample 245,AI-generated,Create an overview of generative AI tools used today.,1,05/24/2025
254,AI sample 246,AI-generated,Summarize how neural networks are trained.,1,12/14/2024
255,AI sample 247,AI-generated,Write a blog post about the role of data in machine learning.,1,05/18/2025
256,AI sample 248,AI-generated,Describe how natural language processing enhances chatbots.,1,12/28/2024
257,AI sample 249,AI-generated,Generate a paragraph on the importance of ethical AI.,1,11/20/2024
258,AI sample 250,AI-generated,Generate a paragraph on the importance of ethical AI.,1,07/31/2025
259,AI sample 251,Human-written,Reflect on the challenges of learning a new coding language.,0,03/30/2025
260,AI sample 252,Human-written,Describe how technology has changed your daily routine.,0,12/21/2024
261,AI sample 253,Human-written,Narrate an experience where technology solved a real-life problem.,0,08/29/2025
262,AI sample 254,Human-written,Share your opinion on the benefits of online education.,0,03/28/2025
263,AI sample 255,Human-written,Describe your thoughts on balancing technology and privacy.,0,06/30/2025
264,AI sample 256,Human-written,Describe your thoughts on balancing technology and privacy.,0,02/10/2025
265,AI sample 257,Human-written,Write a personal essay about your first programming experience.,0,06/21/2025
266,AI sample 258,Human-written,Write a personal essay about your first programming experience.,0,04/24/2025
267,AI sample 259,Human-written,Write a personal essay about your first programming experience.,0,07/26/2025
268,AI sample 260,Human-written,Discuss how social media affects communication.,0,12/27/2024
269,AI sample 261,Human-written,Explain why teamwork is essential in software projects.,0,04/10/2025
270,AI sample 262,Human-written,Share your opinion on the benefits of online education.,0,04/16/2025
271,AI sample 263,Human-written,Share your opinion on the benefits of online education.,0,12/01/2024
272,AI sample 264,Human-written,Describe your thoughts on balancing technology and privacy.,0,03/06/2025
273,AI sample 265,Human-written,Narrate an experience where technology solved a real-life problem.,0,03/23/2025
274,AI sample 266,Human-written,Share your opinion on the benefits of online education.,0,08/18/2025
275,AI sample 267,Human-written,Narrate an experience where technology solved a real-life problem.,0,10/14/2025
276,AI sample 268,Human-written,Narrate an experience where technology solved a real-life problem.,0,10/26/2024
277,AI sample 269,Human-written,Narrate an experience where technology solved a real-life problem.,0,12/26/2024
278,AI sample 270,Human-written,Describe how technology has changed your daily routine.,0,01/06/2025
279,AI sample 271,Human-written,Write an editorial on the importance of cybersecurity.,0,06/12/2025
280,AI sample 272,Human-written,Describe your thoughts on balancing technology and privacy.,0,12/27/2024
281,AI sample 273,Human-written,Write a personal essay about your first programming experience.,0,07/10/2025
282,AI sample 274,Human-written,Explain why teamwork is essential in software projects.,0,07/18/2025
283,AI sample 275,Human-written,Write an editorial on the importance of cybersecurity.,0,06/09/2025
284,AI sample 276,Human-written,Explain why teamwork is essential in software projects.,0,06/29/2025
285,AI sample 277,Human-written,Explain why teamwork is essential in software projects.,0,10/25/2024
286,AI sample 278,Human-written,Share your opinion on the benefits of online education.,0,10/24/2024
287,AI sample 279,Human-written,Write a personal essay about your first programming experience.,0,04/20/2025
288,AI sample 280,Human-written,Write an editorial on the importance of cybersecurity.,0,04/28/2025
289,AI sample 281,Human-written,Write about your journey as a beginner web developer.,0,11/03/2024
290,AI sample 282,Human-written,Narrate an experience where technology solved a real-life problem.,0,10/21/2024
291,AI sample 283,Human-written,Narrate an experience where technology solved a real-life problem.,0,07/28/2025
292,AI sample 284,Human-written,Discuss how social media affects communication.,0,06/05/2025
293,AI sample 285,Human-written,Write an editorial on the importance of cybersecurity.,0,03/22/2025
294,AI sample 286,Human-written,Explain why teamwork is essential in software projects.,0,06/26/2025
295,AI sample 287,Human-written,Describe your thoughts on balancing technology and privacy.,0,04/06/2025
296,AI sample 288,Human-written,Write a personal essay about your first programming experience.,0,04/09/2025
297,AI sample 289,Human-written,Explain why teamwork is essential in software projects.,0,03/27/2025
298,AI sample 290,Human-written,Explain why teamwork is essential in software projects.,0,10/14/2025
299,AI sample 291,Human-written,Share your opinion on the benefits of online education.,0,02/16/2025
300,AI sample 292,Human-written,Write a personal essay about your first programming experience.,0,10/23/2024
301,AI sample 293,Human-written,Write about your journey as a beginner web developer.,0,09/06/2025
302,AI sample 294,Human-written,Write about your journey as a beginner web developer.,0,11/05/2024
303,AI sample 295,Human-written,Write a personal essay about your first programming experience.,0,10/20/2024
304,AI sample 296,Human-written,Describe your thoughts on balancing technology and privacy.,0,10/15/2025
305,AI sample 297,Human-written,Write a personal essay about your first programming experience.,0,06/15/2025
306,AI sample 298,Human-written,Explain why teamwork is essential in software projects.,0,03/07/2025
307,AI sample 299,Human-written,Reflect on the challenges of learning a new coding language.,0,10/24/2024
308,AI sample 300,Human-written,Share your opinion on the benefits of online education.,0,06/17/2025
309,AI sample 301,Human-written,Discuss how social media affects communication.,0,01/13/2025
310,AI sample 302,Human-written,Reflect on the challenges of learning a new coding language.,0,10/11/2025
311,AI sample 303,Human-written,Write a personal essay about your first programming experience.,0,10/10/2025
312,AI sample 304,Human-written,Narrate an experience where technology solved a real-life problem.,0,12/09/2024
313,AI sample 305,Human-written,Describe your thoughts on balancing technology and privacy.,0,01/18/2025
314,AI sample 306,Human-written,Explain why teamwork is essential in software projects.,0,06/05/2025
315,AI sample 307,Human-written,Describe how technology has changed your daily routine.,0,05/08/2025
316,AI sample 308,Human-written,Discuss how social media affects communication.,0,07/18/2025
317,AI sample 309,Human-written,Write an editorial on the importance of cybersecurity.,0,08/11/2025
318,AI sample 310,Human-written,Describe your thoughts on balancing technology and privacy.,0,06/29/2025
319,AI sample 311,Human-written,Explain why teamwork is essential in software projects.,0,09/26/2025
320,AI sample 312,Human-written,Share your opinion on the benefits of online education.,0,10/02/2025
321,AI sample 313,Human-written,Discuss how social media affects communication.,0,06/16/2025
322,AI sample 314,Human-written,Discuss how social media affects communication.,0,03/22/2025
323,AI sample 315,Human-written,Narrate an experience where technology solved a real-life problem.,0,01/17/2025
324,AI sample 316,Human-written,Write about your journey as a beginner web developer.,0,06/19/2025
325,AI sample 317,Human-written,Write an editorial on the importance of cybersecurity.,0,05/05/2025
326,AI sample 318,Human-written,Describe how technology has changed your daily routine.,0,11/10/2024
327,AI sample 319,Human-written,Discuss how social media affects communication.,0,04/23/2025
328,AI sample 320,Human-written,Write an editorial on the importance of cybersecurity.,0,05/13/2025
329,AI sample 321,Human-written,Explain why teamwork is essential in software projects.,0,09/04/2025
330,AI sample 322,Human-written,Write about your journey as a beginner web developer.,0,08/20/2025
331,AI sample 323,Human-written,Describe your thoughts on balancing technology and privacy.,0,10/26/2024
332,AI sample 324,Human-written,Narrate an experience where technology solved a real-life problem.,0,09/19/2025
333,AI sample 325,Human-written,Write an editorial on the importance of cybersecurity.,0,08/04/2025
334,AI sample 326,Human-written,Describe your thoughts on balancing technology and privacy.,0,11/10/2024
335,AI sample 327,Human-written,Narrate an experience where technology solved a real-life problem.,0,03/21/2025
336,AI sample 328,Human-written,Write a personal essay about your first programming experience.,0,05/18/2025
337,AI sample 329,Human-written,Write an editorial on the importance of cybersecurity.,0,04/21/2025
338,AI sample 330,Human-written,Discuss how social media affects communication.,0,07/06/2025
339,AI sample 331,Human-written,Describe your thoughts on balancing technology and privacy.,0,09/03/2025
340,AI sample 332,Human-written,Explain why teamwork is essential in software projects.,0,10/19/2025
341,AI sample 333,Human-written,Write about your journey as a beginner web developer.,0,07/25/2025
342,AI sample 334,Human-written,Write about your journey as a beginner web developer.,0,01/29/2025
343,AI sample 335,Human-written,Write a personal essay about your first programming experience.,0,12/12/2024
344,AI sample 336,Human-written,Reflect on the challenges of learning a new coding language.,0,10/01/2025
345,AI sample 337,Human-written,Narrate an experience where technology solved a real-life problem.,0,01/29/2025
346,AI sample 338,Human-written,Write an editorial on the importance of cybersecurity.,0,07/24/2025
347,AI sample 339,Human-written,Write about your journey as a beginner web developer.,0,02/10/2025
348,AI sample 340,Human-written,Describe how technology has changed your daily routine.,0,03/10/2025
349,AI sample 341,Human-written,Narrate an experience where technology solved a real-life problem.,0,05/22/2025
350,AI sample 342,Human-written,Share your opinion on the benefits of online education.,0,10/18/2025
351,AI sample 343,Human-written,Write about your journey as a beginner web developer.,0,11/14/2024
352,AI sample 344,Human-written,Reflect on the challenges of learning a new coding language.,0,06/09/2025
353,AI sample 345,Human-written,Describe your thoughts on balancing technology and privacy.,0,11/27/2024
354,AI sample 346,Human-written,Narrate an experience where technology solved a real-life problem.,0,07/23/2025
355,AI sample 347,Human-written,Describe your thoughts on balancing technology and privacy.,0,03/30/2025
356,AI sample 348,Human-written,Write about your journey as a beginner web developer.,0,06/07/2025
357,AI sample 349,Human-written,Narrate an experience where technology solved a real-life problem.,0,08/15/2025
358,AI sample 350,Human-written,Explain why teamwork is essential in software projects.,0,04/19/2025
359,AI sample 351,Human-written,Describe your thoughts on balancing technology and privacy.,0,06/09/2025
360,AI sample 352,Human-written,Write a personal essay about your first programming experience.,0,05/15/2025
361,AI sample 353,Human-written,Narrate an experience where technology solved a real-life problem.,0,12/18/2024
362,AI sample 354,Human-written,Narrate an experience where technology solved a real-life problem.,0,01/05/2025
363,AI sample 355,Human-written,Discuss how social media affects communication.,0,01/09/2025
364,AI sample 356,Human-written,Write a personal essay about your first programming experience.,0,05/15/2025
365,AI sample 357,Human-written,Describe your thoughts on balancing technology and privacy.,0,01/19/2025
366,AI sample 358,Human-written,Share your opinion on the benefits of online education.,0,04/09/2025
367,AI sample 359,Human-written,Write an editorial on the importance of cybersecurity.,0,04/19/2025
368,AI sample 360,Human-written,Explain why teamwork is essential in software projects.,0,07/19/2025
369,AI sample 361,Human-written,Narrate an experience where technology solved a real-life problem.,0,06/14/2025
370,AI sample 362,Human-written,Share your opinion on the benefits of online education.,0,05/01/2025
371,AI sample 363,Human-written,Describe your thoughts on balancing technology and privacy.,0,03/20/2025
372,AI sample 364,Human-written,Reflect on the challenges of learning a new coding language.,0,10/21/2024
373,AI sample 365,Human-written,Write a personal essay about your first programming experience.,0,08/20/2025
374,AI sample 366,Human-written,Describe your thoughts on balancing technology and privacy.,0,06/16/2025
375,AI sample 367,Human-written,Narrate an experience where technology solved a real-life problem.,0,03/17/2025
376,AI sample 368,Human-written,Narrate an experience where technology solved a real-life problem.,0,04/24/2025
377,AI sample 369,Human-written,Describe how technology has changed your daily routine.,0,09/27/2025
378,AI sample 370,Human-written,Discuss how social media affects communication.,0,08/05/2025
379,AI sample 371,Human-written,Explain why teamwork is essential in software projects.,0,06/21/2025
380,AI sample 372,Human-written,Write an editorial on the importance of cybersecurity.,0,10/19/2025
381,AI sample 373,Human-written,Share your opinion on the benefits of online education.,0,02/05/2025
382,AI sample 374,Human-written,Share your opinion on the benefits of online education.,0,06/12/2025
383,AI sample 375,Human-written,Write a personal essay about your first programming experience.,0,09/11/2025
384,AI sample 376,Human-written,Write an editorial on the importance of cybersecurity.,0,02/13/2025
385,AI sample 377,Human-written,Share your opinion on the benefits of online education.,0,07/01/2025
386,AI sample 378,Human-written,Explain why teamwork is essential in software projects.,0,03/04/2025
387,AI sample 379,Human-written,Write an editorial on the importance of cybersecurity.,0,08/12/2025
388,AI sample 380,Human-written,Write about your journey as a beginner web developer.,0,11/05/2024
389,AI sample 381,Human-written,Describe your thoughts on balancing technology and privacy.,0,10/18/2025
390,AI sample 382,Human-written,Narrate an experience where technology solved a real-life problem.,0,06/27/2025
391,AI sample 383,Human-written,Describe your thoughts on balancing technology and privacy.,0,02/04/2025
392,AI sample 384,Human-written,Share your opinion on the benefits of online education.,0,06/10/2025
393,AI sample 385,Human-written,Write a personal essay about your first programming experience.,0,12/22/2024
394,AI sample 386,Human-written,Describe how technology has changed your daily routine.,0,08/10/2025
395,AI sample 387,Human-written,Share your opinion on the benefits of online education.,0,10/12/2025
396,AI sample 388,Human-written,Reflect on the challenges of learning a new coding language.,0,11/29/2024
397,AI sample 389,Human-written,Narrate an experience where technology solved a real-life problem.,0,02/06/2025
398,AI sample 390,Human-written,Share your opinion on the benefits of online education.,0,02/19/2025
399,AI sample 391,Human-written,Reflect on the challenges of learning a new coding language.,0,09/20/2025
400,AI sample 392,Human-written,Describe your thoughts on balancing technology and privacy.,0,07/17/2025
401,AI sample 393,Human-written,Discuss how social media affects communication.,0,07/07/2025
402,AI sample 394,Human-written,Reflect on the challenges of learning a new coding language.,0,04/02/2025
403,AI sample 395,Human-written,Write a personal essay about your first programming experience.,0,03/14/2025
404,AI sample 396,Human-written,Write about your journey as a beginner web developer.,0,10/01/2025
405,AI sample 397,Human-written,Write about your journey as a beginner web developer.,0,10/14/2025
406,AI sample 398,Human-written,Write an editorial on the importance of cybersecurity.,0,04/25/2025
407,AI sample 399,Human-written,Write an editorial on the importance of cybersecurity.,0,07/26/2025
408,AI sample 400,Human-written,Discuss how social media affects communication.,0,08/17/2025
409,AI sample 401,Human-written,Write about your journey as a beginner web developer.,0,03/19/2025
410,AI sample 402,Human-written,Explain why teamwork is essential in software projects.,0,08/17/2025
411,AI sample 403,Human-written,Write an editorial on the importance of cybersecurity.,0,05/14/2025
412,AI sample 404,Human-written,Write an editorial on the importance of cybersecurity.,0,04/09/2025
413,AI sample 405,Human-written,Write a personal essay about your first programming experience.,0,11/02/2024
414,AI sample 406,Human-written,Write about your journey as a beginner web developer.,0,07/25/2025
415,AI sample 407,Human-written,Write an editorial on the importance of cybersecurity.,0,06/24/2025
416,AI sample 408,Human-written,Write an editorial on the importance of cybersecurity.,0,02/26/2025
417,AI sample 409,Human-written,Reflect on the challenges of learning a new coding language.,0,05/07/2025
418,AI sample 410,Human-written,Describe your thoughts on balancing technology and privacy.,0,11/28/2024
419,AI sample 411,Human-written,Write a personal essay about your first programming experience.,0,05/27/2025
420,AI sample 412,Human-written,Describe your thoughts on balancing technology and privacy.,0,09/19/2025
421,AI sample 413,Human-written,Write about your journey as a beginner web developer.,0,03/25/2025
422,AI sample 414,Human-written,Describe your thoughts on balancing technology and privacy.,0,02/22/2025
423,AI sample 415,Human-written,Narrate an experience where technology solved a real-life problem.,0,03/17/2025
424,AI sample 416,Human-written,Write an editorial on the importance of cybersecurity.,0,04/24/2025
425,AI sample 417,Human-written,Write an editorial on the importance of cybersecurity.,0,01/21/2025
426,AI sample 418,Human-written,Narrate an experience where technology solved a real-life problem.,0,10/18/2025
427,AI sample 419,Human-written,Describe your thoughts on balancing technology and privacy.,0,11/18/2024
428,AI sample 420,Human-written,Write a personal essay about your first programming experience.,0,08/12/2025
429,AI sample 421,Human-written,Write about your journey as a beginner web developer.,0,08/27/2025
430,AI sample 422,Human-written,Write about your journey as a beginner web developer.,0,03/13/2025
431,AI sample 423,Human-written,Discuss how social media affects communication.,0,01/13/2025
432,AI sample 424,Human-written,Describe your thoughts on balancing technology and privacy.,0,04/08/2025
433,AI sample 425,Human-written,Write a personal essay about your first programming experience.,0,02/20/2025
434,AI sample 426,Human-written,Describe your thoughts on balancing technology and privacy.,0,02/24/2025
435,AI sample 427,Human-written,Share your opinion on the benefits of online education.,0,08/26/2025
436,AI sample 428,Human-written,Narrate an experience where technology solved a real-life problem.,0,09/03/2025
437,AI sample 429,Human-written,Write about your journey as a beginner web developer.,0,06/06/2025
438,AI sample 430,Human-written,Explain why teamwork is essential in software projects.,0,09/09/2025
439,AI sample 431,Human-written,Write about your journey as a beginner web developer.,0,12/20/2024
440,AI sample 432,Human-written,Discuss how social media affects communication.,0,07/06/2025
441,AI sample 433,Human-written,Write a personal essay about your first programming experience.,0,04/03/2025
442,AI sample 434,Human-written,Write an editorial on the importance of cybersecurity.,0,09/22/2025
443,AI sample 435,Human-written,Narrate an experience where technology solved a real-life problem.,0,09/24/2025
444,AI sample 436,Human-written,Explain why teamwork is essential in software projects.,0,02/26/2025
445,AI sample 437,Human-written,Explain why teamwork is essential in software projects.,0,05/15/2025
446,AI sample 438,Human-written,Write about your journey as a beginner web developer.,0,09/27/2025
447,AI sample 439,Human-written,Share your opinion on the benefits of online education.,0,12/06/2024
448,AI sample 440,Human-written,Share your opinion on the benefits of online education.,0,02/05/2025
449,AI sample 441,Human-written,Write a personal essay about your first programming experience.,0,12/31/2024
450,AI sample 442,Human-written,Share your opinion on the benefits of online education.,0,02/13/2025
451,AI sample 443,Human-written,Discuss how social media affects communication.,0,05/01/2025
452,AI sample 444,Human-written,Reflect on the challenges of learning a new coding language.,0,05/06/2025
453,AI sample 445,Human-written,Write a personal essay about your first programming experience.,0,05/21/2025
454,AI sample 446,Human-written,Describe your thoughts on balancing technology and privacy.,0,12/01/2024
455,AI sample 447,Human-written,Describe your thoughts on balancing technology and privacy.,0,09/11/2025
456,AI sample 448,Human-written,Write an editorial on the importance of cybersecurity.,0,05/17/2025
457,AI sample 449,Human-written,Write a personal essay about your first programming experience.,0,04/20/2025
458,AI sample 450,Human-written,Write a personal essay about your first programming experience.,0,07/14/2025
459,AI sample 451,Human-written,Write a personal essay about your first programming experience.,0,06/27/2025
460,AI sample 452,Human-written,Reflect on the challenges of learning a new coding language.,0,01/20/2025
461,AI sample 453,Human-written,Discuss how social media affects communication.,0,11/21/2024
462,AI sample 454,Human-written,Describe how technology has changed your daily routine.,0,03/05/2025
463,AI sample 455,Human-written,Narrate an experience where technology solved a real-life problem.,0,05/06/2025
464,AI sample 456,Human-written,Write a personal essay about your first programming experience.,0,10/31/2024
465,AI sample 457,Human-written,Write an editorial on the importance of cybersecurity.,0,12/22/2024
466,AI sample 458,Human-written,Write an editorial on the importance of cybersecurity.,0,05/02/2025
467,AI sample 459,Human-written,Share your opinion on the benefits of online education.,0,08/13/2025
468,AI sample 460,Human-written,Narrate an experience where technology solved a real-life problem.,0,04/29/2025
469,AI sample 461,Human-written,Explain why teamwork is essential in software projects.,0,02/01/2025
470,AI sample 462,Human-written,Explain why teamwork is essential in software projects.,0,07/03/2025
471,AI sample 463,Human-written,Write an editorial on the importance of cybersecurity.,0,05/10/2025
472,AI sample 464,Human-written,Write about your journey as a beginner web developer.,0,11/06/2024
473,AI sample 465,Human-written,Write a personal essay about your first programming experience.,0,01/12/2025
474,AI sample 466,Human-written,Discuss how social media affects communication.,0,05/11/2025
475,AI sample 467,Human-written,Write an editorial on the importance of cybersecurity.,0,02/07/2025
476,AI sample 468,Human-written,Write about your journey as a beginner web developer.,0,12/27/2024
477,AI sample 469,Human-written,Narrate an experience where technology solved a real-life problem.,0,10/29/2024
478,AI sample 470,Human-written,Narrate an experience where technology solved a real-life problem.,0,06/23/2025
479,AI sample 471,Human-written,Write an editorial on the importance of cybersecurity.,0,08/25/2025
480,AI sample 472,Human-written,Reflect on the challenges of learning a new coding language.,0,01/13/2025
481,AI sample 473,Human-written,Write an editorial on the importance of cybersecurity.,0,09/17/2025
482,AI sample 474,Human-written,Narrate an experience where technology solved a real-life problem.,0,12/11/2024
483,AI sample 475,Human-written,Describe how technology has changed your daily routine.,0,04/14/2025
484,AI sample 476,Human-written,Describe how technology has changed your daily routine.,0,10/20/2024
485,AI sample 477,Human-written,Discuss how social media affects communication.,0,05/26/2025
486,AI sample 478,Human-written,Discuss how social media affects communication.,0,03/26/2025
487,AI sample 479,Human-written,Reflect on the challenges of learning a new coding language.,0,12/05/2024
488,AI sample 480,Human-written,Write a personal essay about your first programming experience.,0,07/02/2025
489,AI sample 481,Human-written,Discuss how social media affects communication.,0,04/14/2025
490,AI sample 482,Human-written,Reflect on the challenges of learning a new coding language.,0,11/22/2024
491,AI sample 483,Human-written,Write an editorial on the importance of cybersecurity.,0,08/18/2025
492,AI sample 484,Human-written,Describe how technology has changed your daily routine.,0,04/12/2025
493,AI sample 485,Human-written,Describe your thoughts on balancing technology and privacy.,0,07/27/2025
494,AI sample 486,Human-written,Write a personal essay about your first programming experience.,0,02/16/2025
495,AI sample 487,Human-written,Discuss how social media affects communication.,0,12/15/2024
496,AI sample 488,Human-written,Reflect on the challenges of learning a new coding language.,0,08/05/2025
497,AI sample 489,Human-written,Reflect on the challenges of learning a new coding language.,0,12/31/2024
498,AI sample 490,Human-written,Write an editorial on the importance of cybersecurity.,0,04/18/2025
499,AI sample 491,Human-written,Discuss how social media affects communication.,0,02/09/2025
500,AI sample 492,Human-written,Explain why teamwork is essential in software projects.,0,05/21/2025
501,AI sample 493,Human-written,Write about your journey as a beginner web developer.,0,06/29/2025
502,AI sample 494,Human-written,Narrate an experience where technology solved a real-life problem.,0,12/29/2024
503,AI sample 495,Human-written,Write about your journey as a beginner web developer.,0,10/31/2024
504,AI sample 496,Human-written,Share your opinion on the benefits of online education.,0,03/16/2025
505,AI sample 497,Human-written,Reflect on the challenges of learning a new coding language.,0,04/07/2025
506,AI sample 498,Human-written,Write an editorial on the importance of cybersecurity.,0,02/08/2025
507,AI sample 499,Human-written,Write an editorial on the importance of cybersecurity.,0,09/15/2025
508,AI sample 500,Human-written,Describe how technology has changed your daily routine.,0,03/29/2025
